Plate_ID,Assay_Well,Compound_ID,Cell_Line,Timepoint,Timepoint_Unit,Compound_Concentration,Counts
HD00030937,A24,BG,cl002,144,h,,0
HD00030937,B24,BG,cl002,144,h,,0
HD00030937,C24,BG,cl002,144,h,,24
HD00030937,D24,BG,cl002,144,h,,0
HD00030937,E24,BG,cl002,144,h,,0
HD00030937,F24,BG,cl002,144,h,,0
HD00030937,G24,BG,cl002,144,h,,0
HD00030937,H24,BG,cl002,144,h,,0
HD00030937,I24,BG,cl002,144,h,,0
HD00030937,J24,BG,cl002,144,h,,0
HD00030937,K24,BG,cl002,144,h,,0
HD00030937,L24,BG,cl002,144,h,,0
HD00030937,M24,BG,cl002,144,h,,0
HD00030937,N24,BG,cl002,144,h,,24
HD00030937,O24,BG,cl002,144,h,,48
HD00030937,P24,BG,cl002,144,h,,0
HD00030937,C12,NEG,cl002,144,h,,94344
HD00030937,D04,NEG,cl002,144,h,,98952
HD00030937,D21,NEG,cl002,144,h,,91440
HD00030937,E13,NEG,cl002,144,h,,98112
HD00030937,F08,NEG,cl002,144,h,,101112
HD00030937,F17,NEG,cl002,144,h,,97368
HD00030937,H03,NEG,cl002,144,h,,102504
HD00030937,H13,NEG,cl002,144,h,,98160
HD00030937,H22,NEG,cl002,144,h,,100584
HD00030937,I06,NEG,cl002,144,h,,100824
HD00030937,I12,NEG,cl002,144,h,,104184
HD00030937,I19,NEG,cl002,144,h,,103056
HD00030937,K08,NEG,cl002,144,h,,103104
HD00030937,K17,NEG,cl002,144,h,,110664
HD00030937,L12,NEG,cl002,144,h,,110592
HD00030937,M04,NEG,cl002,144,h,,105216
HD00030937,M21,NEG,cl002,144,h,,111432
HD00030937,N13,NEG,cl002,144,h,,117360
HD00030937,B06,COMP09944,cl002,144,h,5.68694E-11,98568
HD00030937,B09,COMP09944,cl002,144,h,7.02098E-10,84504
HD00030937,B15,COMP09944,cl002,144,h,7.02098E-10,83712
HD00030937,B18,COMP09944,cl002,144,h,5.68694E-11,97032
HD00030937,B20,COMP09944,cl002,144,h,1.89567E-11,95424
HD00030937,C09,COMP09944,cl002,144,h,1.89567E-11,95832
HD00030937,C15,COMP09944,cl002,144,h,1.7061E-09,71064
HD00030937,C18,COMP09944,cl002,144,h,1.89567E-11,92088
HD00030937,C20,COMP09944,cl002,144,h,5.68694E-11,96768
HD00030937,D09,COMP09944,cl002,144,h,6.31883E-12,101208
HD00030937,D18,COMP09944,cl002,144,h,5.68694E-11,96912
HD00030937,D20,COMP09944,cl002,144,h,1.89567E-11,93240
HD00030937,E09,COMP09944,cl002,144,h,1.89567E-11,94560
HD00030937,E18,COMP09944,cl002,144,h,1.89567E-11,92520
HD00030937,E19,COMP09944,cl002,144,h,5.68694E-11,94488
HD00030937,E20,COMP09944,cl002,144,h,5.68694E-11,94392
HD00030937,F09,COMP09944,cl002,144,h,5.68694E-11,95016
HD00030937,F18,COMP09944,cl002,144,h,6.31883E-12,103248
HD00030937,F19,COMP09944,cl002,144,h,5.68694E-11,95712
HD00030937,F20,COMP09944,cl002,144,h,5.68694E-11,98568
HD00030937,G09,COMP09944,cl002,144,h,6.31883E-12,102912
HD00030937,G18,COMP09944,cl002,144,h,7.02098E-11,97704
HD00030937,G19,COMP09944,cl002,144,h,6.31883E-12,101376
HD00030937,G20,COMP09944,cl002,144,h,7.02098E-10,89952
HD00030937,H05,COMP09944,cl002,144,h,7.02098E-10,86712
HD00030937,H09,COMP09944,cl002,144,h,6.31883E-12,102744
HD00030937,H18,COMP09944,cl002,144,h,7.02098E-11,98496
HD00030937,H19,COMP09944,cl002,144,h,7.02098E-11,96840
HD00030937,H20,COMP09944,cl002,144,h,7.02098E-10,86904
HD00030937,I05,COMP09944,cl002,144,h,7.02098E-11,93240
HD00030937,I09,COMP09944,cl002,144,h,6.31883E-11,103392
HD00030937,I14,COMP09944,cl002,144,h,6.31883E-11,102984
HD00030937,I18,COMP09944,cl002,144,h,1.7061E-10,89304
HD00030937,I20,COMP09944,cl002,144,h,1.7061E-10,89424
HD00030937,J05,COMP09944,cl002,144,h,6.31883E-12,105120
HD00030937,J14,COMP09944,cl002,144,h,6.31883E-12,107592
HD00030937,J19,COMP09944,cl002,144,h,1.7061E-10,85008
HD00030937,K05,COMP09944,cl002,144,h,5.11824E-11,109656
HD00030937,K14,COMP09944,cl002,144,h,5.11824E-11,104112
HD00030937,K19,COMP09944,cl002,144,h,1.7077E-10,82608
HD00030937,L05,COMP09944,cl002,144,h,6.44883E-12,107256
HD00030937,L14,COMP09944,cl002,144,h,6.44883E-12,109944
HD00030937,L19,COMP09944,cl002,144,h,7.02098E-10,89976
HD00030937,M05,COMP09944,cl002,144,h,7.55383E-12,108936
HD00030937,M14,COMP09944,cl002,144,h,7.55383E-12,115824
HD00030937,M19,COMP09944,cl002,144,h,2.7061E-11,95184
HD00030937,N05,COMP09944,cl002,144,h,7.00383E-12,107376
HD00030937,N14,COMP09944,cl002,144,h,7.55383E-12,119280
HD00030937,N19,COMP09944,cl002,144,h,2.7061E-11,94344
HD00030937,O05,COMP09944,cl002,144,h,6.55113E-12,119280
HD00030937,O08,COMP09944,cl002,144,h,2.7061E-11,97152
HD00030937,O14,COMP09944,cl002,144,h,6.55113E-12,103488
HD00030937,O17,COMP09944,cl002,144,h,9.95383E-11,124608
HD00030937,O19,COMP09944,cl002,144,h,9.95383E-11,127752
HD00030937,B05,COMP06421,cl002,144,h,3.03084E-11,95928
HD00030937,B13,COMP06421,cl002,144,h,3.03084E-11,99336
HD00030937,C05,COMP06421,cl002,144,h,3.03084E-11,96552
HD00030937,C13,COMP06421,cl002,144,h,1.11483E-10,100848
HD00030937,D05,COMP06421,cl002,144,h,3.03084E-11,98136
HD00030937,D13,COMP06421,cl002,144,h,3.03084E-11,94992
HD00030937,E05,COMP06421,cl002,144,h,3.03084E-11,94560
HD00030937,F05,COMP06421,cl002,144,h,3.11202E-11,94560
HD00030937,F13,COMP06421,cl002,144,h,3.11202E-11,93864
HD00030937,G05,COMP06421,cl002,144,h,3.22084E-11,98184
HD00030937,G13,COMP06421,cl002,144,h,3.11202E-11,95208
HD00030937,I13,COMP06421,cl002,144,h,1.11483E-10,104016
HD00030937,J13,COMP06421,cl002,144,h,1.11483E-10,104448
HD00030937,K13,COMP06421,cl002,144,h,1.10368E-10,104136
HD00030937,L04,COMP06421,cl002,144,h,1.10368E-10,104232
HD00030937,L13,COMP06421,cl002,144,h,1.10368E-10,102600
HD00030937,N04,COMP06421,cl002,144,h,1.32442E-10,111960
HD00030937,O04,COMP06421,cl002,144,h,1.32442E-10,117576
HD00030937,B07,COMP02220,cl002,144,h,3.00053E-11,93888
HD00030937,B12,COMP02220,cl002,144,h,3.00053E-11,95136
HD00030937,B19,COMP02220,cl002,144,h,2.69147E-10,84240
HD00030937,C07,COMP02220,cl002,144,h,3.24057E-11,97512
HD00030937,C19,COMP02220,cl002,144,h,3.24057E-11,98280
HD00030937,D07,COMP02220,cl002,144,h,3.00053E-11,94248
HD00030937,D12,COMP02220,cl002,144,h,3.24057E-11,97584
HD00030937,D17,COMP02220,cl002,144,h,3.00053E-11,93696
HD00030937,D19,COMP02220,cl002,144,h,3.09054E-11,97632
HD00030937,E07,COMP02220,cl002,144,h,3.09054E-11,95592
HD00030937,E17,COMP02220,cl002,144,h,3.09054E-11,96192
HD00030937,F07,COMP02220,cl002,144,h,3.09363E-11,96432
HD00030937,F21,COMP02220,cl002,144,h,3.09363E-11,96672
HD00030937,G07,COMP02220,cl002,144,h,1.10258E-11,103032
HD00030937,G17,COMP02220,cl002,144,h,3.00743E-11,94608
HD00030937,G21,COMP02220,cl002,144,h,3.00743E-11,96984
HD00030937,G23,COMP02220,cl002,144,h,1.10258E-11,104640
HD00030937,H07,COMP02220,cl002,144,h,1.10258E-11,100512
HD00030937,H17,COMP02220,cl002,144,h,3.00743E-11,97512
HD00030937,H21,COMP02220,cl002,144,h,3.00743E-11,97392
HD00030937,H23,COMP02220,cl002,144,h,1.10699E-11,105648
HD00030937,I11,COMP02220,cl002,144,h,1.10699E-11,106992
HD00030937,I17,COMP02220,cl002,144,h,1.10699E-11,100944
HD00030937,I21,COMP02220,cl002,144,h,1.11142E-11,103728
HD00030937,I23,COMP02220,cl002,144,h,1.11319E-11,109392
HD00030937,J11,COMP02220,cl002,144,h,1.11319E-11,109440
HD00030937,J17,COMP02220,cl002,144,h,3.01344E-11,99408
HD00030937,J18,COMP02220,cl002,144,h,1.11319E-11,105144
HD00030937,J21,COMP02220,cl002,144,h,1.11697E-11,100320
HD00030937,J23,COMP02220,cl002,144,h,1.11697E-11,104760
HD00030937,K11,COMP02220,cl002,144,h,1.11697E-11,110160
HD00030937,K18,COMP02220,cl002,144,h,1.11722E-11,107448
HD00030937,K21,COMP02220,cl002,144,h,1.11722E-11,111264
HD00030937,K23,COMP02220,cl002,144,h,1.11722E-11,113664
HD00030937,L11,COMP02220,cl002,144,h,,107472
HD00030937,L17,COMP02220,cl002,144,h,,105888
HD00030937,L18,COMP02220,cl002,144,h,,109920
HD00030937,L21,COMP02220,cl002,144,h,,107088
HD00030937,L23,COMP02220,cl002,144,h,,104952
HD00030937,M11,COMP02220,cl002,144,h,,108360
HD00030937,M17,COMP02220,cl002,144,h,,113784
HD00030937,M18,COMP02220,cl002,144,h,,104544
HD00030937,M23,COMP02220,cl002,144,h,,118344
HD00030937,N06,COMP02220,cl002,144,h,,122064
HD00030937,N11,COMP02220,cl002,144,h,,111576
HD00030937,N17,COMP02220,cl002,144,h,,117000
HD00030937,N18,COMP02220,cl002,144,h,,115896
HD00030937,N21,COMP02220,cl002,144,h,,112800
HD00030937,N23,COMP02220,cl002,144,h,,118728
HD00030937,O06,COMP02220,cl002,144,h,,125400
HD00030937,O11,COMP02220,cl002,144,h,,122160
HD00030937,O18,COMP02220,cl002,144,h,,124848
HD00030937,O21,COMP02220,cl002,144,h,,124560
HD00030937,O23,COMP02220,cl002,144,h,,124848
HD00030937,B03,COMP0888179,cl002,144,h,,98688
HD00030937,B10,COMP0888179,cl002,144,h,,101520
HD00030937,B23,COMP0888179,cl002,144,h,,96960
HD00030937,C03,COMP0888179,cl002,144,h,,90816
HD00030937,C06,COMP0888179,cl002,144,h,,95208
HD00030937,C10,COMP0888179,cl002,144,h,,93768
HD00030937,C23,COMP0888179,cl002,144,h,,93024
HD00030937,D03,COMP0888179,cl002,144,h,,96432
HD00030937,D06,COMP0888179,cl002,144,h,,95232
HD00030937,D10,COMP0888179,cl002,144,h,,94320
HD00030937,D23,COMP0888179,cl002,144,h,,100416
HD00030937,E06,COMP0888179,cl002,144,h,,94344
HD00030937,E10,COMP0888179,cl002,144,h,,91176
HD00030937,E12,COMP0888179,cl002,144,h,,93864
HD00030937,E23,COMP0888179,cl002,144,h,,101016
HD00030937,F06,COMP0888179,cl002,144,h,,100872
HD00030937,F10,COMP0888179,cl002,144,h,,98976
HD00030937,F12,COMP0888179,cl002,144,h,,98880
HD00030937,F23,COMP0888179,cl002,144,h,,99672
HD00030937,G06,COMP0888179,cl002,144,h,,94032
HD00030937,G10,COMP0888179,cl002,144,h,,94704
HD00030937,G12,COMP0888179,cl002,144,h,,106032
HD00030937,H06,COMP0888179,cl002,144,h,,103344
HD00030937,H10,COMP0888179,cl002,144,h,,104448
HD00030937,H12,COMP0888179,cl002,144,h,,106320
HD00030937,I10,COMP0888179,cl002,144,h,,98544
HD00030937,J02,COMP0888179,cl002,144,h,,113064
HD00030937,J06,COMP0888179,cl002,144,h,,105240
HD00030937,J09,COMP0888179,cl002,144,h,,101736
HD00030937,J10,COMP0888179,cl002,144,h,,107328
HD00030937,J12,COMP0888179,cl002,144,h,,109248
HD00030937,K02,COMP0888179,cl002,144,h,,103800
HD00030937,K06,COMP0888179,cl002,144,h,,99840
HD00030937,K09,COMP0888179,cl002,144,h,,104880
HD00030937,K10,COMP0888179,cl002,144,h,,103848
HD00030937,K12,COMP0888179,cl002,144,h,,102096
HD00030937,L02,COMP0888179,cl002,144,h,,115176
HD00030937,L06,COMP0888179,cl002,144,h,,111336
HD00030937,L09,COMP0888179,cl002,144,h,,105120
HD00030937,L10,COMP0888179,cl002,144,h,,110040
HD00030937,L22,COMP0888179,cl002,144,h,,107808
HD00030937,M02,COMP0888179,cl002,144,h,,111600
HD00030937,M09,COMP0888179,cl002,144,h,,112464
HD00030937,M10,COMP0888179,cl002,144,h,,107352
HD00030937,M12,COMP0888179,cl002,144,h,,106632
HD00030937,M22,COMP0888179,cl002,144,h,,105816
HD00030937,N02,COMP0888179,cl002,144,h,,115032
HD00030937,N09,COMP0888179,cl002,144,h,,114048
HD00030937,N12,COMP0888179,cl002,144,h,,117864
HD00030937,N22,COMP0888179,cl002,144,h,,115992
HD00030937,O02,COMP0888179,cl002,144,h,,123528
HD00030937,O09,COMP0888179,cl002,144,h,,120648
HD00030937,O12,COMP0888179,cl002,144,h,,121056
HD00030937,O22,COMP0888179,cl002,144,h,,120000
HD00030937,B11,COMP07769,cl002,144,h,,65832
HD00030937,B17,COMP07769,cl002,144,h,,51456
HD00030937,B22,COMP07769,cl002,144,h,,97008
HD00030937,C11,COMP07769,cl002,144,h,,64272
HD00030937,C22,COMP07769,cl002,144,h,,93240
HD00030937,D08,COMP07769,cl002,144,h,,54024
HD00030937,D11,COMP07769,cl002,144,h,,95424
HD00030937,D15,COMP07769,cl002,144,h,,95040
HD00030937,D22,COMP07769,cl002,144,h,,94128
HD00030937,E03,COMP07769,cl002,144,h,,52656
HD00030937,E08,COMP07769,cl002,144,h,,58800
HD00030937,E11,COMP07769,cl002,144,h,,95424
HD00030937,E15,COMP07769,cl002,144,h,,94824
HD00030937,E22,COMP07769,cl002,144,h,,92976
HD00030937,F03,COMP07769,cl002,144,h,,61416
HD00030937,F11,COMP07769,cl002,144,h,,98472
HD00030937,F15,COMP07769,cl002,144,h,,97512
HD00030937,F22,COMP07769,cl002,144,h,,98688
HD00030937,G03,COMP07769,cl002,144,h,,65712
HD00030937,G08,COMP07769,cl002,144,h,,60360
HD00030937,G11,COMP07769,cl002,144,h,,100776
HD00030937,G15,COMP07769,cl002,144,h,,97488
HD00030937,G22,COMP07769,cl002,144,h,,65784
HD00030937,H08,COMP07769,cl002,144,h,,74832
HD00030937,H11,COMP07769,cl002,144,h,,99576
HD00030937,H15,COMP07769,cl002,144,h,,100440
HD00030937,H16,COMP07769,cl002,144,h,,95712
HD00030937,I03,COMP07769,cl002,144,h,,75456
HD00030937,I08,COMP07769,cl002,144,h,,100728
HD00030937,I15,COMP07769,cl002,144,h,,77040
HD00030937,I16,COMP07769,cl002,144,h,,98760
HD00030937,I22,COMP07769,cl002,144,h,,62160
HD00030937,J03,COMP07769,cl002,144,h,,108192
HD00030937,J08,COMP07769,cl002,144,h,,106152
HD00030937,J15,COMP07769,cl002,144,h,,68496
HD00030937,J16,COMP07769,cl002,144,h,,102288
HD00030937,J22,COMP07769,cl002,144,h,,63264
HD00030937,K03,COMP07769,cl002,144,h,,104304
HD00030937,K15,COMP07769,cl002,144,h,,63360
HD00030937,K16,COMP07769,cl002,144,h,,100896
HD00030937,K22,COMP07769,cl002,144,h,,58128
HD00030937,L03,COMP07769,cl002,144,h,,104016
HD00030937,L08,COMP07769,cl002,144,h,,113784
HD00030937,L15,COMP07769,cl002,144,h,,56760
HD00030937,L16,COMP07769,cl002,144,h,,70008
HD00030937,M03,COMP07769,cl002,144,h,,107256
HD00030937,M08,COMP07769,cl002,144,h,,104112
HD00030937,M16,COMP07769,cl002,144,h,,61632
HD00030937,N03,COMP07769,cl002,144,h,,112872
HD00030937,N08,COMP07769,cl002,144,h,,114192
HD00030937,N10,COMP07769,cl002,144,h,,61248
HD00030937,N16,COMP07769,cl002,144,h,,73320
HD00030937,O10,COMP07769,cl002,144,h,,74808
HD00030937,O16,COMP07769,cl002,144,h,,69600
HD00030937,B04,COMP06611,cl002,144,h,,104064
HD00030937,B08,COMP06611,cl002,144,h,,95064
HD00030937,B16,COMP06611,cl002,144,h,,88104
HD00030937,B21,COMP06611,cl002,144,h,,101016
HD00030937,C04,COMP06611,cl002,144,h,,100440
HD00030937,C08,COMP06611,cl002,144,h,,93960
HD00030937,C16,COMP06611,cl002,144,h,,97608
HD00030937,C21,COMP06611,cl002,144,h,,97296
HD00030937,D16,COMP06611,cl002,144,h,,100536
HD00030937,E04,COMP06611,cl002,144,h,,95160
HD00030937,E16,COMP06611,cl002,144,h,,97440
HD00030937,E21,COMP06611,cl002,144,h,,105624
HD00030937,F04,COMP06611,cl002,144,h,,104280
HD00030937,F16,COMP06611,cl002,144,h,,110832
HD00030937,G04,COMP06611,cl002,144,h,,101400
HD00030937,G16,COMP06611,cl002,144,h,,102120
HD00030937,H04,COMP06611,cl002,144,h,,106920
HD00030937,I04,COMP06611,cl002,144,h,,99240
HD00030937,I07,COMP06611,cl002,144,h,,115368
HD00030937,J04,COMP06611,cl002,144,h,,105360
HD00030937,J07,COMP06611,cl002,144,h,,113832
HD00030937,J20,COMP06611,cl002,144,h,,105096
HD00030937,K04,COMP06611,cl002,144,h,,99672
HD00030937,K07,COMP06611,cl002,144,h,,116880
HD00030937,K20,COMP06611,cl002,144,h,,102792
HD00030937,L07,COMP06611,cl002,144,h,,113424
HD00030937,L20,COMP06611,cl002,144,h,,106800
HD00030937,M07,COMP06611,cl002,144,h,,115464
HD00030937,M15,COMP06611,cl002,144,h,,109344
HD00030937,M20,COMP06611,cl002,144,h,,110520
HD00030937,N07,COMP06611,cl002,144,h,,113400
HD00030937,N15,COMP06611,cl002,144,h,,102744
HD00030937,N20,COMP06611,cl002,144,h,,123792
HD00030937,O07,COMP06611,cl002,144,h,,122256
HD00030937,O15,COMP06611,cl002,144,h,,121632
HD00030937,O20,COMP06611,cl002,144,h,,127344
HG00000904,A24,BG,cl002,0,h,,0
HG00000904,B24,BG,cl002,0,h,,24
HG00000904,C24,BG,cl002,0,h,,0
HG00000904,D24,BG,cl002,0,h,,0
HG00000904,E24,BG,cl002,0,h,,0
HG00000904,F24,BG,cl002,0,h,,0
HG00000904,G24,BG,cl002,0,h,,24
HG00000904,H24,BG,cl002,0,h,,24
HG00000904,I24,BG,cl002,0,h,,0
HG00000904,J24,BG,cl002,0,h,,0
HG00000904,K24,BG,cl002,0,h,,24
HG00000904,L24,BG,cl002,0,h,,0
HG00000904,M24,BG,cl002,0,h,,0
HG00000904,N24,BG,cl002,0,h,,0
HG00000904,O24,BG,cl002,0,h,,0
HG00000904,P24,BG,cl002,0,h,,0
HD00025902,C12,NEG,cl002,0,h,,10968
HD00025902,D04,NEG,cl002,0,h,,11880
HD00025902,D21,NEG,cl002,0,h,,11952
HD00025902,E13,NEG,cl002,0,h,,12672
HD00025902,F08,NEG,cl002,0,h,,11640
HD00025902,F17,NEG,cl002,0,h,,11952
HD00025902,H03,NEG,cl002,0,h,,11688
HD00025902,H13,NEG,cl002,0,h,,12072
HD00025902,H22,NEG,cl002,0,h,,11928
HD00025902,I06,NEG,cl002,0,h,,11856
HD00025902,I12,NEG,cl002,0,h,,14184
HD00025902,I19,NEG,cl002,0,h,,11976
HD00025902,K08,NEG,cl002,0,h,,12096
HD00025902,K17,NEG,cl002,0,h,,12336
HD00025902,L12,NEG,cl002,0,h,,14040
HD00025902,M04,NEG,cl002,0,h,,11472
HD00025902,M21,NEG,cl002,0,h,,12048
HD00025902,N13,NEG,cl002,0,h,,12192
HH00043103,A24,BG,cl002,0,h,,0
HH00043103,B24,BG,cl002,0,h,,0
HH00043103,C24,BG,cl002,0,h,,0
HH00043103,D24,BG,cl002,0,h,,0
HH00043103,E24,BG,cl002,0,h,,24
HH00043103,F24,BG,cl002,0,h,,24
HH00043103,G24,BG,cl002,0,h,,0
HH00043103,H24,BG,cl002,0,h,,0
HH00043103,I24,BG,cl002,0,h,,0
HH00043103,J24,BG,cl002,0,h,,0
HH00043103,K24,BG,cl002,0,h,,0
HH00043103,L24,BG,cl002,0,h,,0
HH00043103,M24,BG,cl002,0,h,,24
HH00043103,N24,BG,cl002,0,h,,0
HH00043103,O24,BG,cl002,0,h,,0
HH00043103,P24,BG,cl002,0,h,,0
HD00025903,C12,NEG,cl002,0,h,,10968
HD00025903,D04,NEG,cl002,0,h,,12000
HD00025903,D21,NEG,cl002,0,h,,11976
HD00025903,E13,NEG,cl002,0,h,,12336
HD00025903,F08,NEG,cl002,0,h,,11976
HD00025903,F17,NEG,cl002,0,h,,11736
HD00025903,H03,NEG,cl002,0,h,,11760
HD00025903,H13,NEG,cl002,0,h,,12336
HD00025903,H22,NEG,cl002,0,h,,11544
HD00025903,I06,NEG,cl002,0,h,,12312
HD00025903,I12,NEG,cl002,0,h,,12432
HD00025903,I19,NEG,cl002,0,h,,10992
HD00025903,K08,NEG,cl002,0,h,,12072
HD00025903,K17,NEG,cl002,0,h,,12984
HD00025903,L12,NEG,cl002,0,h,,12480
HD00025903,M04,NEG,cl002,0,h,,12360
HD00025903,M21,NEG,cl002,0,h,,13344
HD00025903,N13,NEG,cl002,0,h,,12504
HD00030938,A24,BG,cl002,144,h,,0
HD00030938,B24,BG,cl002,144,h,,0
HD00030938,C24,BG,cl002,144,h,,24
HD00030938,D24,BG,cl002,144,h,,24
HD00030938,E24,BG,cl002,144,h,,0
HD00030938,F24,BG,cl002,144,h,,0
HD00030938,G24,BG,cl002,144,h,,0
HD00030938,H24,BG,cl002,144,h,,0
HD00030938,I24,BG,cl002,144,h,,0
HD00030938,J24,BG,cl002,144,h,,0
HD00030938,K24,BG,cl002,144,h,,0
HD00030938,L24,BG,cl002,144,h,,24
HD00030938,M24,BG,cl002,144,h,,24
HD00030938,N24,BG,cl002,144,h,,0
HD00030938,O24,BG,cl002,144,h,,0
HD00030938,P24,BG,cl002,144,h,,0
HD00030938,C12,NEG,cl002,144,h,,87888
HD00030938,D04,NEG,cl002,144,h,,87024
HD00030938,D21,NEG,cl002,144,h,,83232
HD00030938,E13,NEG,cl002,144,h,,84456
HD00030938,F08,NEG,cl002,144,h,,87960
HD00030938,F17,NEG,cl002,144,h,,86520
HD00030938,H03,NEG,cl002,144,h,,89784
HD00030938,H13,NEG,cl002,144,h,,84816
HD00030938,H22,NEG,cl002,144,h,,92232
HD00030938,I06,NEG,cl002,144,h,,90408
HD00030938,I12,NEG,cl002,144,h,,90816
HD00030938,I19,NEG,cl002,144,h,,93120
HD00030938,K08,NEG,cl002,144,h,,93408
HD00030938,K17,NEG,cl002,144,h,,92376
HD00030938,L12,NEG,cl002,144,h,,99672
HD00030938,M04,NEG,cl002,144,h,,91776
HD00030938,M21,NEG,cl002,144,h,,99120
HD00030938,N13,NEG,cl002,144,h,,97488
HD0022531,B08,COMP01400,cl002,144,h,4.60644E-08,54936
HD0022531,B10,COMP01400,cl002,144,h,7.02098E-12,86424
HD0022531,B12,COMP01400,cl002,144,h,7.02098E-12,89952
HD0022531,B14,COMP01400,cl002,144,h,6.31883E-11,93960
HD0022531,B23,COMP01400,cl002,144,h,1.89567E-10,93168
HD0022531,C08,COMP01400,cl002,144,h,1.53546E-08,88680
HD0022531,C14,COMP01400,cl002,144,h,1.89567E-10,87096
HD0022531,C23,COMP01400,cl002,144,h,5.68694E-10,90336
HD0022531,D08,COMP01400,cl002,144,h,5.11824E-09,85992
HD0022531,D14,COMP01400,cl002,144,h,5.68694E-10,83688
HD0022531,D23,COMP01400,cl002,144,h,1.7061E-09,90576
HD0022531,E08,COMP01400,cl002,144,h,1.7061E-09,84216
HD0022531,E14,COMP01400,cl002,144,h,1.7061E-09,85152
HD0022531,E23,COMP01400,cl002,144,h,5.11824E-09,90408
HD0022531,F14,COMP01400,cl002,144,h,5.11824E-09,88248
HD0022531,F23,COMP01400,cl002,144,h,1.53546E-08,87912
HD0022531,G08,COMP01400,cl002,144,h,5.68694E-10,85440
HD0022531,G14,COMP01400,cl002,144,h,1.53546E-08,85368
HD0022531,G23,COMP01400,cl002,144,h,4.60644E-08,59088
HD0022531,H08,COMP01400,cl002,144,h,1.89567E-10,90504
HD0022531,H09,COMP01400,cl002,144,h,4.60644E-08,57840
HD0022531,H11,COMP01400,cl002,144,h,4.60644E-08,57192
HD0022531,H14,COMP01400,cl002,144,h,4.60644E-08,55512
HD0022531,H23,COMP01400,cl002,144,h,7.02098E-12,96720
HD0022531,I08,COMP01400,cl002,144,h,6.31883E-11,89232
HD0022531,I09,COMP01400,cl002,144,h,1.53546E-08,91080
HD0022531,I11,COMP01400,cl002,144,h,1.53546E-08,93600
HD0022531,I23,COMP01400,cl002,144,h,2.1063E-11,94728
HD0022531,J08,COMP01400,cl002,144,h,2.1063E-11,95952
HD0022531,J09,COMP01400,cl002,144,h,5.11824E-09,90216
HD0022531,J11,COMP01400,cl002,144,h,5.11824E-09,91776
HD0022531,J23,COMP01400,cl002,144,h,6.31883E-11,100464
HD0022531,K09,COMP01400,cl002,144,h,1.7061E-09,94248
HD0022531,K11,COMP01400,cl002,144,h,1.7061E-09,94896
HD0022531,K23,COMP01400,cl002,144,h,1.89567E-10,104256
HD0022531,L08,COMP01400,cl002,144,h,7.02098E-12,98040
HD0022531,L09,COMP01400,cl002,144,h,5.68694E-10,94104
HD0022531,L11,COMP01400,cl002,144,h,5.68694E-10,93216
HD0022531,L23,COMP01400,cl002,144,h,5.68694E-10,96144
HD0022531,M09,COMP01400,cl002,144,h,1.89567E-10,95640
HD0022531,M11,COMP01400,cl002,144,h,1.89567E-10,97008
HD0022531,M13,COMP01400,cl002,144,h,7.02098E-12,95664
HD0022531,M22,COMP01400,cl002,144,h,7.02098E-12,96696
HD0022531,M23,COMP01400,cl002,144,h,1.7061E-09,107232
HD0022531,N09,COMP01400,cl002,144,h,6.31883E-11,94704
HD0022531,N11,COMP01400,cl002,144,h,6.31883E-11,96672
HD0022531,N22,COMP01400,cl002,144,h,2.1063E-11,102648
HD0022531,N23,COMP01400,cl002,144,h,5.11824E-09,102120
HD0022531,O09,COMP01400,cl002,144,h,2.1063E-11,104832
HD0022531,O11,COMP01400,cl002,144,h,2.1063E-11,105216
HD0022531,O12,COMP01400,cl002,144,h,4.60644E-08,60096
HD0022531,O13,COMP01400,cl002,144,h,2.1063E-11,104952
HD0022531,O22,COMP01400,cl002,144,h,6.31883E-11,103008
HD0022531,O23,COMP01400,cl002,144,h,1.53546E-08,104376
HD00030938,B15,COMP077885,cl002,144,h,6.31883E-11,84168
HD00030938,B18,COMP077885,cl002,144,h,6.31883E-11,86952
HD00030938,C15,COMP077885,cl002,144,h,2.1063E-11,82344
HD00030938,C18,COMP077885,cl002,144,h,1.89567E-10,87864
HD00030938,C22,COMP077885,cl002,144,h,1.89567E-10,89808
HD00030938,D10,COMP077885,cl002,144,h,6.31883E-11,81192
HD00030938,D12,COMP077885,cl002,144,h,5.68694E-10,81984
HD00030938,D18,COMP077885,cl002,144,h,5.68694E-10,90264
HD00030938,D22,COMP077885,cl002,144,h,1.89567E-10,86640
HD00030938,E03,COMP077885,cl002,144,h,1.7061E-09,84000
HD00030938,E10,COMP077885,cl002,144,h,1.7061E-09,83712
HD00030938,E12,COMP077885,cl002,144,h,5.68694E-10,83616
HD00030938,E18,COMP077885,cl002,144,h,5.11824E-09,81336
HD00030938,E22,COMP077885,cl002,144,h,5.11824E-09,83016
HD00030938,F03,COMP077885,cl002,144,h,1.7061E-09,85368
HD00030938,F10,COMP077885,cl002,144,h,1.53546E-08,90168
HD00030938,F12,COMP077885,cl002,144,h,1.53546E-08,85752
HD00030938,F18,COMP077885,cl002,144,h,5.11824E-09,88128
HD00030938,F22,COMP077885,cl002,144,h,4.60644E-08,88488
HD00030938,G03,COMP077885,cl002,144,h,4.60644E-08,83616
HD00030938,G10,COMP077885,cl002,144,h,1.53546E-08,85896
HD00030938,G12,COMP077885,cl002,144,h,4.60644E-08,89448
HD00030938,G18,COMP077885,cl002,144,h,7.02098E-12,86688
HD00030938,G22,COMP077885,cl002,144,h,7.02098E-12,89712
HD00030938,H10,COMP077885,cl002,144,h,2.1063E-11,91296
HD00030938,H12,COMP077885,cl002,144,h,2.1063E-11,91632
HD00030938,H18,COMP077885,cl002,144,h,7.02098E-12,90888
HD00030938,I03,COMP077885,cl002,144,h,5.68694E-10,91536
HD00030938,I10,COMP077885,cl002,144,h,7.02098E-12,89256
HD00030938,I14,COMP077885,cl002,144,h,1.89567E-10,90984
HD00030938,I18,COMP077885,cl002,144,h,6.31883E-11,87840
HD00030938,I22,COMP077885,cl002,144,h,2.1063E-11,91008
HD00030938,J03,COMP077885,cl002,144,h,7.02098E-12,95496
HD00030938,J10,COMP077885,cl002,144,h,4.60644E-08,93000
HD00030938,J12,COMP077885,cl002,144,h,1.53546E-08,92976
HD00030938,J14,COMP077885,cl002,144,h,4.60644E-08,97632
HD00030938,J22,COMP077885,cl002,144,h,5.11824E-09,99024
HD00030938,K03,COMP077885,cl002,144,h,1.53546E-08,97488
HD00030938,K10,COMP077885,cl002,144,h,1.7061E-09,89592
HD00030938,K12,COMP077885,cl002,144,h,5.11824E-09,92544
HD00030938,K14,COMP077885,cl002,144,h,4.60644E-08,88872
HD00030938,K22,COMP077885,cl002,144,h,5.68694E-10,92304
HD00030938,L03,COMP077885,cl002,144,h,1.7061E-09,92112
HD00030938,L10,COMP077885,cl002,144,h,1.53546E-08,97848
HD00030938,L14,COMP077885,cl002,144,h,1.89567E-10,94896
HD00030938,L22,COMP077885,cl002,144,h,5.68694E-10,96048
HD00030938,M03,COMP077885,cl002,144,h,6.31883E-11,94416
HD00030938,M12,COMP077885,cl002,144,h,1.89567E-10,93168
HD00030938,M14,COMP077885,cl002,144,h,5.11824E-09,94272
HD00030938,N03,COMP077885,cl002,144,h,2.1063E-11,96312
HD00030938,N12,COMP077885,cl002,144,h,6.31883E-11,96696
HD00030938,N14,COMP077885,cl002,144,h,1.7061E-09,97296
HD00030938,O14,COMP077885,cl002,144,h,7.02098E-12,109080
HD00030938,O17,COMP077885,cl002,144,h,2.1063E-11,105432
HD00030938,B09,COMP06421,cl002,144,h,1.32684E-09,89184
HD00030938,C09,COMP06421,cl002,144,h,1.38588E-09,90216
HD00030938,D09,COMP06421,cl002,144,h,1.32684E-09,85296
HD00030938,E09,COMP06421,cl002,144,h,1.32684E-09,81912
HD00030938,F09,COMP06421,cl002,144,h,1.97433E-09,85632
HD00030938,G09,COMP06421,cl002,144,h,1.97433E-09,88656
HD00030938,M08,COMP06421,cl002,144,h,1.97433E-09,86112
HD00030938,N08,COMP06421,cl002,144,h,1.52308E-09,95040
HD00030938,O08,COMP06421,cl002,144,h,1.52308E-09,99840
HD00030938,B11,COMP093244,cl002,144,h,1.45363E-09,89136
HD00030938,B19,COMP093244,cl002,144,h,1.45363E-09,89520
HD00030938,B21,COMP093244,cl002,144,h,1.45363E-09,87648
HD00030938,B22,COMP093244,cl002,144,h,1.13092E-08,79896
HD00030938,C11,COMP093244,cl002,144,h,1.45363E-09,84168
HD00030938,C19,COMP093244,cl002,144,h,1.52308E-09,90408
HD00030938,C21,COMP093244,cl002,144,h,1.59609E-09,89064
HD00030938,D11,COMP093244,cl002,144,h,1.59609E-09,86088
HD00030938,D19,COMP093244,cl002,144,h,1.25724E-08,73560
HD00030938,E11,COMP093244,cl002,144,h,1.59609E-09,87408
HD00030938,E19,COMP093244,cl002,144,h,1.67234E-09,89568
HD00030938,E21,COMP093244,cl002,144,h,1.25724E-08,79632
HD00030938,F11,COMP093244,cl002,144,h,1.7525E-09,85872
HD00030938,F19,COMP093244,cl002,144,h,1.38045E-08,85344
HD00030938,F21,COMP093244,cl002,144,h,,81648
HD00030938,G07,COMP093244,cl002,144,h,,81792
HD00030938,G11,COMP093244,cl002,144,h,,84936
HD00030938,G19,COMP093244,cl002,144,h,,89976
HD00030938,G21,COMP093244,cl002,144,h,,85296
HD00030938,H07,COMP093244,cl002,144,h,,88704
HD00030938,H19,COMP093244,cl002,144,h,,88920
HD00030938,H21,COMP093244,cl002,144,h,,89184
HD00030938,I07,COMP093244,cl002,144,h,,91152
HD00030938,I21,COMP093244,cl002,144,h,,92256
HD00030938,J07,COMP093244,cl002,144,h,,88848
HD00030938,J18,COMP093244,cl002,144,h,,89928
HD00030938,J19,COMP093244,cl002,144,h,,93120
HD00030938,J21,COMP093244,cl002,144,h,,92496
HD00030938,K07,COMP093244,cl002,144,h,,95496
HD00030938,K18,COMP093244,cl002,144,h,,85968
HD00030938,K19,COMP093244,cl002,144,h,,93312
HD00030938,K20,COMP093244,cl002,144,h,,91560
HD00030938,K21,COMP093244,cl002,144,h,,95712
HD00030938,L07,COMP093244,cl002,144,h,,94464
HD00030938,L18,COMP093244,cl002,144,h,,98424
HD00030938,L19,COMP093244,cl002,144,h,,93912
HD00030938,L20,COMP093244,cl002,144,h,,100632
HD00030938,L21,COMP093244,cl002,144,h,,92088
HD00030938,M07,COMP093244,cl002,144,h,,94560
HD00030938,M10,COMP093244,cl002,144,h,,79248
HD00030938,M18,COMP093244,cl002,144,h,,91272
HD00030938,M19,COMP093244,cl002,144,h,,95208
HD00030938,M20,COMP093244,cl002,144,h,,93336
HD00030938,N07,COMP093244,cl002,144,h,,97080
HD00030938,N10,COMP093244,cl002,144,h,,93912
HD00030938,N18,COMP093244,cl002,144,h,,97248
HD00030938,N19,COMP093244,cl002,144,h,,90912
HD00030938,N20,COMP093244,cl002,144,h,,102408
HD00030938,N21,COMP093244,cl002,144,h,,97056
HD00030938,O07,COMP093244,cl002,144,h,,102240
HD00030938,O10,COMP093244,cl002,144,h,,96600
HD00030938,O18,COMP093244,cl002,144,h,,110328
HD00030938,O20,COMP093244,cl002,144,h,,107448
HD00030938,O21,COMP093244,cl002,144,h,,104448
HD00030938,B03,COMP010103,cl002,144,h,,92208
HD00030938,B04,COMP010103,cl002,144,h,,92712
HD00030938,B06,COMP010103,cl002,144,h,,92760
HD00030938,B16,COMP010103,cl002,144,h,,85176
HD00030938,B17,COMP010103,cl002,144,h,,92376
HD00030938,C03,COMP010103,cl002,144,h,,90072
HD00030938,C04,COMP010103,cl002,144,h,,88584
HD00030938,C06,COMP010103,cl002,144,h,,87120
HD00030938,C16,COMP010103,cl002,144,h,,90936
HD00030938,D03,COMP010103,cl002,144,h,,89496
HD00030938,D06,COMP010103,cl002,144,h,,90864
HD00030938,D15,COMP010103,cl002,144,h,,85440
HD00030938,D16,COMP010103,cl002,144,h,,89520
HD00030938,E04,COMP010103,cl002,144,h,,81816
HD00030938,E06,COMP010103,cl002,144,h,,82032
HD00030938,E15,COMP010103,cl002,144,h,,79200
HD00030938,E16,COMP010103,cl002,144,h,,85392
HD00030938,F04,COMP010103,cl002,144,h,,90696
HD00030938,F06,COMP010103,cl002,144,h,,89136
HD00030938,F15,COMP010103,cl002,144,h,,84384
HD00030938,F16,COMP010103,cl002,144,h,,88824
HD00030938,G04,COMP010103,cl002,144,h,,83496
HD00030938,G06,COMP010103,cl002,144,h,,84072
HD00030938,G15,COMP010103,cl002,144,h,,89592
HD00030938,G16,COMP010103,cl002,144,h,,90192
HD00030938,H04,COMP010103,cl002,144,h,,93888
HD00030938,H06,COMP010103,cl002,144,h,,91752
HD00030938,H15,COMP010103,cl002,144,h,,86064
HD00030938,H16,COMP010103,cl002,144,h,,92736
HD00030938,I04,COMP010103,cl002,144,h,,88872
HD00030938,I15,COMP010103,cl002,144,h,,95160
HD00030938,I16,COMP010103,cl002,144,h,,89424
HD00030938,J02,COMP010103,cl002,144,h,,107496
HD00030938,J04,COMP010103,cl002,144,h,,94824
HD00030938,J06,COMP010103,cl002,144,h,,96888
HD00030938,J15,COMP010103,cl002,144,h,,92328
HD00030938,J16,COMP010103,cl002,144,h,,91464
HD00030938,K02,COMP010103,cl002,144,h,,96672
HD00030938,K06,COMP010103,cl002,144,h,,87936
HD00030938,K15,COMP010103,cl002,144,h,,96696
HD00030938,K16,COMP010103,cl002,144,h,,90432
HD00030938,L02,COMP010103,cl002,144,h,,104496
HD00030938,L15,COMP010103,cl002,144,h,,95808
HD00030938,L16,COMP010103,cl002,144,h,,94224
HD00030938,M02,COMP010103,cl002,144,h,,95952
HD00030938,M15,COMP010103,cl002,144,h,,96168
HD00030938,M16,COMP010103,cl002,144,h,,90912
HD00030938,N02,COMP010103,cl002,144,h,,103272
HD00030938,N15,COMP010103,cl002,144,h,,93480
HD00030938,N16,COMP010103,cl002,144,h,,102336
HD00030938,O02,COMP010103,cl002,144,h,,103032
HD00030938,O03,COMP010103,cl002,144,h,,103824
HD00030938,O15,COMP010103,cl002,144,h,,101472
HD00030938,O16,COMP010103,cl002,144,h,,105336
HD00030938,B05,COMP023990,cl002,144,h,,87792
HD00030938,B07,COMP023990,cl002,144,h,,87672
HD00030938,B13,COMP023990,cl002,144,h,,87888
HD00030938,B20,COMP023990,cl002,144,h,,86664
HD00030938,C05,COMP023990,cl002,144,h,,87648
HD00030938,C07,COMP023990,cl002,144,h,,85704
HD00030938,C13,COMP023990,cl002,144,h,,86688
HD00030938,C17,COMP023990,cl002,144,h,,83400
HD00030938,C20,COMP023990,cl002,144,h,,87456
HD00030938,D05,COMP023990,cl002,144,h,,86496
HD00030938,D07,COMP023990,cl002,144,h,,89256
HD00030938,D13,COMP023990,cl002,144,h,,84096
HD00030938,D17,COMP023990,cl002,144,h,,86208
HD00030938,D20,COMP023990,cl002,144,h,,87240
HD00030938,E05,COMP023990,cl002,144,h,,84720
HD00030938,E07,COMP023990,cl002,144,h,,85344
HD00030938,E17,COMP023990,cl002,144,h,,82080
HD00030938,E20,COMP023990,cl002,144,h,,82512
HD00030938,F05,COMP023990,cl002,144,h,,87744
HD00030938,F07,COMP023990,cl002,144,h,,86160
HD00030938,F13,COMP023990,cl002,144,h,,86280
HD00030938,F20,COMP023990,cl002,144,h,,87168
HD00030938,G05,COMP023990,cl002,144,h,,84240
HD00030938,G13,COMP023990,cl002,144,h,,85944
HD00030938,G17,COMP023990,cl002,144,h,,86568
HD00030938,G20,COMP023990,cl002,144,h,,87792
HD00030938,H05,COMP023990,cl002,144,h,,92472
HD00030938,H17,COMP023990,cl002,144,h,,88824
HD00030938,H20,COMP023990,cl002,144,h,,89280
HD00030938,I05,COMP023990,cl002,144,h,,91920
HD00030938,I13,COMP023990,cl002,144,h,,90432
HD00030938,I17,COMP023990,cl002,144,h,,93264
HD00030938,I20,COMP023990,cl002,144,h,,91848
HD00030938,J05,COMP023990,cl002,144,h,,91248
HD00030938,J13,COMP023990,cl002,144,h,,92184
HD00030938,J17,COMP023990,cl002,144,h,,91344
HD00030938,K04,COMP023990,cl002,144,h,,90696
HD00030938,K05,COMP023990,cl002,144,h,,92040
HD00030938,K13,COMP023990,cl002,144,h,,97056
HD00030938,L04,COMP023990,cl002,144,h,,97632
HD00030938,L05,COMP023990,cl002,144,h,,93936
HD00030938,L06,COMP023990,cl002,144,h,,97872
HD00030938,L13,COMP023990,cl002,144,h,,94080
HD00030938,L17,COMP023990,cl002,144,h,,94464
HD00030938,M05,COMP023990,cl002,144,h,,93456
HD00030938,M06,COMP023990,cl002,144,h,,92160
HD00030938,M17,COMP023990,cl002,144,h,,93216
HD00030938,N04,COMP023990,cl002,144,h,,101808
HD00030938,N05,COMP023990,cl002,144,h,,94656
HD00030938,N06,COMP023990,cl002,144,h,,100608
HD00030938,O04,COMP023990,cl002,144,h,,97680
HD00030938,O05,COMP023990,cl002,144,h,,106368
HD00030938,O06,COMP023990,cl002,144,h,,101328
HD00030938,O19,COMP023990,cl002,144,h,,103152
HG00000904,A24,BG,cl002,0,h,,0
HG00000904,B24,BG,cl002,0,h,,24
HG00000904,C24,BG,cl002,0,h,,0
HG00000904,D24,BG,cl002,0,h,,0
HG00000904,E24,BG,cl002,0,h,,0
HG00000904,F24,BG,cl002,0,h,,0
HG00000904,G24,BG,cl002,0,h,,24
HG00000904,H24,BG,cl002,0,h,,24
HG00000904,I24,BG,cl002,0,h,,0
HG00000904,J24,BG,cl002,0,h,,0
HG00000904,K24,BG,cl002,0,h,,24
HG00000904,L24,BG,cl002,0,h,,0
HG00000904,M24,BG,cl002,0,h,,0
HG00000904,N24,BG,cl002,0,h,,0
HG00000904,O24,BG,cl002,0,h,,0
HG00000904,P24,BG,cl002,0,h,,0
HD00025902,C12,NEG,cl002,0,h,,10968
HD00025902,D04,NEG,cl002,0,h,,11880
HD00025902,D21,NEG,cl002,0,h,,11952
HD00025902,E13,NEG,cl002,0,h,,12672
HD00025902,F08,NEG,cl002,0,h,,11640
HD00025902,F17,NEG,cl002,0,h,,11952
HD00025902,H03,NEG,cl002,0,h,,11688
HD00025902,H13,NEG,cl002,0,h,,12072
HD00025902,H22,NEG,cl002,0,h,,11928
HD00025902,I06,NEG,cl002,0,h,,11856
HD00025902,I12,NEG,cl002,0,h,,14184
HD00025902,I19,NEG,cl002,0,h,,11976
HD00025902,K08,NEG,cl002,0,h,,12096
HD00025902,K17,NEG,cl002,0,h,,12336
HD00025902,L12,NEG,cl002,0,h,,14040
HD00025902,M04,NEG,cl002,0,h,,11472
HD00025902,M21,NEG,cl002,0,h,,12048
HD00025902,N13,NEG,cl002,0,h,,12192
HH00043103,A24,BG,cl002,0,h,,0
HH00043103,B24,BG,cl002,0,h,,0
HH00043103,C24,BG,cl002,0,h,,0
HH00043103,D24,BG,cl002,0,h,,0
HH00043103,E24,BG,cl002,0,h,,24
HH00043103,F24,BG,cl002,0,h,,24
HH00043103,G24,BG,cl002,0,h,,0
HH00043103,H24,BG,cl002,0,h,,0
HH00043103,I24,BG,cl002,0,h,,0
HH00043103,J24,BG,cl002,0,h,,0
HH00043103,K24,BG,cl002,0,h,,0
HH00043103,L24,BG,cl002,0,h,,0
HH00043103,M24,BG,cl002,0,h,,24
HH00043103,N24,BG,cl002,0,h,,0
HH00043103,O24,BG,cl002,0,h,,0
HH00043103,P24,BG,cl002,0,h,,0
HD00025903,C12,NEG,cl002,0,h,,10968
HD00025903,D04,NEG,cl002,0,h,,12000
HD00025903,D21,NEG,cl002,0,h,,11976
HD00025903,E13,NEG,cl002,0,h,,12336
HD00025903,F08,NEG,cl002,0,h,,11976
HD00025903,F17,NEG,cl002,0,h,,11736
HD00025903,H03,NEG,cl002,0,h,,11760
HD00025903,H13,NEG,cl002,0,h,,12336
HD00025903,H22,NEG,cl002,0,h,,11544
HD00025903,I06,NEG,cl002,0,h,,12312
HD00025903,I12,NEG,cl002,0,h,,12432
HD00025903,I19,NEG,cl002,0,h,,10992
HD00025903,K08,NEG,cl002,0,h,,12072
HD00025903,K17,NEG,cl002,0,h,,12984
HD00025903,L12,NEG,cl002,0,h,,12480
HD00025903,M04,NEG,cl002,0,h,,12360
HD00025903,M21,NEG,cl002,0,h,,13344
HD00025903,N13,NEG,cl002,0,h,,12504
HD00030942,A24,BG,cl002,96,h,,24
HD00030942,B24,BG,cl002,96,h,,0
HD00030942,C24,BG,cl002,96,h,,0
HD00030942,D24,BG,cl002,96,h,,24
HD00030942,E24,BG,cl002,96,h,,0
HD00030942,F24,BG,cl002,96,h,,0
HD00030942,G24,BG,cl002,96,h,,0
HD00030942,H24,BG,cl002,96,h,,24
HD00030942,I24,BG,cl002,96,h,,24
HD00030942,J24,BG,cl002,96,h,,0
HD00030942,K24,BG,cl002,96,h,,24
HD00030942,L24,BG,cl002,96,h,,24
HD00030942,M24,BG,cl002,96,h,,0
HD00030942,N24,BG,cl002,96,h,,24
HD00030942,O24,BG,cl002,96,h,,0
HD00030942,P24,BG,cl002,96,h,,0
HD00030942,C12,NEG,cl002,96,h,,111624
HD00030942,D04,NEG,cl002,96,h,,111480
HD00030942,D21,NEG,cl002,96,h,,109560
HD00030942,E13,NEG,cl002,96,h,,113880
HD00030942,F08,NEG,cl002,96,h,,119976
HD00030942,F17,NEG,cl002,96,h,,118272
HD00030942,H03,NEG,cl002,96,h,,117744
HD00030942,H13,NEG,cl002,96,h,,119304
HD00030942,H22,NEG,cl002,96,h,,119376
HD00030942,I06,NEG,cl002,96,h,,122136
HD00030942,I12,NEG,cl002,96,h,,119976
HD00030942,I19,NEG,cl002,96,h,,129792
HD00030942,K08,NEG,cl002,96,h,,119832
HD00030942,K17,NEG,cl002,96,h,,135336
HD00030942,L12,NEG,cl002,96,h,,131496
HD00030942,M04,NEG,cl002,96,h,,123072
HD00030942,M21,NEG,cl002,96,h,,130848
HD00030942,N13,NEG,cl002,96,h,,135408
HD00030942,B15,COMP011223,cl002,96,h,4.1152E-08,21504
HD00030942,B16,COMP011223,cl002,96,h,3.3333E-06,26040
HD00030942,B19,COMP011223,cl002,96,h,1.1111E-06,22056
HD00030942,C15,COMP011223,cl002,96,h,1.3717E-08,27480
HD00030942,C16,COMP011223,cl002,96,h,3.7037E-07,28056
HD00030942,C19,COMP011223,cl002,96,h,4.5725E-09,26088
HD00030942,D16,COMP011223,cl002,96,h,1.2346E-07,26352
HD00030942,E16,COMP011223,cl002,96,h,1.5242E-09,28008
HD00030942,F16,COMP011223,cl002,96,h,4.1152E-08,26832
HD00030942,G16,COMP011223,cl002,96,h,1.5242E-09,27816
HD00030942,I14,COMP011223,cl002,96,h,4.5725E-09,36312
HD00030942,I18,COMP011223,cl002,96,h,1.3717E-08,40512
HD00030942,J14,COMP011223,cl002,96,h,1.3717E-08,28872
HD00030942,J18,COMP011223,cl002,96,h,4.5725E-09,31608
HD00030942,K14,COMP011223,cl002,96,h,4.1152E-08,25536
HD00030942,K18,COMP011223,cl002,96,h,1.2346E-07,28728
HD00030942,L14,COMP011223,cl002,96,h,3.3333E-06,29496
HD00030942,L18,COMP011223,cl002,96,h,1.2346E-07,28344
HD00030942,M14,COMP011223,cl002,96,h,1.2346E-07,26040
HD00030942,M15,COMP011223,cl002,96,h,4.1152E-08,37296
HD00030942,M18,COMP011223,cl002,96,h,1.3717E-08,29496
HD00030942,N14,COMP011223,cl002,96,h,1.5242E-09,26448
HD00030942,N15,COMP011223,cl002,96,h,4.5725E-09,28224
HD00030942,N18,COMP011223,cl002,96,h,4.5725E-09,31608
HD00030942,O14,COMP011223,cl002,96,h,1.5242E-09,28368
HD00030942,O15,COMP011223,cl002,96,h,1.3717E-08,26184
HD00030942,O18,COMP011223,cl002,96,h,4.1152E-08,31992
HD00030942,B10,COMP019977,cl002,96,h,1.5751E-11,88416
HD00030942,C17,COMP019977,cl002,96,h,2.5202E-10,94800
HD00030942,D10,COMP019977,cl002,96,h,6.3004E-11,48
HD00030942,D17,COMP019977,cl002,96,h,1.0081E-09,58752
HD00030942,E10,COMP019977,cl002,96,h,2.5202E-10,48
HD00030942,E17,COMP019977,cl002,96,h,1.0081E-09,42552
HD00030942,F10,COMP019977,cl002,96,h,9.8444E-13,312
HD00030942,G10,COMP019977,cl002,96,h,4.0323E-09,4920
HD00030942,G17,COMP019977,cl002,96,h,4.0323E-09,27384
HD00030942,H09,COMP019977,cl002,96,h,3.9377E-12,96
HD00030942,H10,COMP019977,cl002,96,h,1.6129E-08,14328
HD00030942,H17,COMP019977,cl002,96,h,1.6129E-08,16944
HD00030942,I09,COMP019977,cl002,96,h,1.5751E-11,24
HD00030942,I10,COMP019977,cl002,96,h,6.4516E-08,30816
HD00030942,I17,COMP019977,cl002,96,h,6.4516E-08,4896
HD00030942,J09,COMP019977,cl002,96,h,6.3004E-11,552
HD00030942,J10,COMP019977,cl002,96,h,2.5202E-10,47568
HD00030942,J17,COMP019977,cl002,96,h,1.0081E-09,432
HD00030942,K09,COMP019977,cl002,96,h,4.0323E-09,5016
HD00030942,K10,COMP019977,cl002,96,h,1.6129E-08,56736
HD00030942,L09,COMP019977,cl002,96,h,9.8444E-13,16272
HD00030942,L10,COMP019977,cl002,96,h,9.8444E-13,94656
HD00030942,L17,COMP019977,cl002,96,h,6.4516E-08,144
HD00030942,M09,COMP019977,cl002,96,h,3.9377E-12,32280
HD00030942,M17,COMP019977,cl002,96,h,1.5751E-11,120
HD00030942,N09,COMP019977,cl002,96,h,3.9377E-12,41736
HD00030942,O09,COMP019977,cl002,96,h,6.3004E-11,67512
HD00030942,B13,COMP017901,cl002,96,h,8.8499E-11,111912
HD00030942,B14,COMP017901,cl002,96,h,2.1505E-08,63456
HD00030942,B22,COMP017901,cl002,96,h,2.655E-10,27216
HD00030942,C13,COMP017901,cl002,96,h,6.4516E-08,106656
HD00030942,C14,COMP017901,cl002,96,h,9.8333E-12,45840
HD00030942,D13,COMP017901,cl002,96,h,7.9649E-10,70632
HD00030942,D14,COMP017901,cl002,96,h,2.95E-11,35496
HD00030942,E14,COMP017901,cl002,96,h,2.3895E-09,30456
HD00030942,F13,COMP017901,cl002,96,h,8.8499E-11,50064
HD00030942,F14,COMP017901,cl002,96,h,7.1684E-09,28056
HD00030942,G13,COMP017901,cl002,96,h,2.655E-10,33744
HD00030942,G14,COMP017901,cl002,96,h,2.1505E-08,25392
HD00030942,G21,COMP017901,cl002,96,h,7.9649E-10,113952
HD00030942,H14,COMP017901,cl002,96,h,6.4516E-08,26592
HD00030942,H21,COMP017901,cl002,96,h,2.3895E-09,108840
HD00030942,I13,COMP017901,cl002,96,h,9.8333E-12,29400
HD00030942,I21,COMP017901,cl002,96,h,7.1684E-09,69648
HD00030942,J13,COMP017901,cl002,96,h,2.95E-11,27048
HD00030942,J21,COMP017901,cl002,96,h,2.1505E-08,47136
HD00030942,K13,COMP017901,cl002,96,h,8.8499E-11,30528
HD00030942,K21,COMP017901,cl002,96,h,6.4516E-08,40656
HD00030942,L13,COMP017901,cl002,96,h,2.655E-10,26640
HD00030942,L21,COMP017901,cl002,96,h,7.9649E-10,27120
HD00030942,M13,COMP017901,cl002,96,h,9.8333E-12,130464
HD00030942,N21,COMP017901,cl002,96,h,2.3895E-09,26568
HD00030942,O13,COMP017901,cl002,96,h,2.95E-11,122808
HD00030942,O21,COMP017901,cl002,96,h,7.1684E-09,26784
HD00030942,B20,COMP013443,cl002,96,h,,111192
HD00030942,B21,COMP013443,cl002,96,h,,87720
HD00030942,C20,COMP013443,cl002,96,h,,111480
HD00030942,C21,COMP013443,cl002,96,h,,31440
HD00030942,D19,COMP013443,cl002,96,h,,109128
HD00030942,D20,COMP013443,cl002,96,h,,109128
HD00030942,E19,COMP013443,cl002,96,h,,110208
HD00030942,E20,COMP013443,cl002,96,h,,111264
HD00030942,E21,COMP013443,cl002,96,h,,6744
HD00030942,F19,COMP013443,cl002,96,h,,113232
HD00030942,F20,COMP013443,cl002,96,h,,116160
HD00030942,F21,COMP013443,cl002,96,h,,2640
HD00030942,G19,COMP013443,cl002,96,h,,120864
HD00030942,G20,COMP013443,cl002,96,h,,93864
HD00030942,H19,COMP013443,cl002,96,h,,113568
HD00030942,H20,COMP013443,cl002,96,h,,34488
HD00030942,I20,COMP013443,cl002,96,h,,6696
HD00030942,J19,COMP013443,cl002,96,h,,99216
HD00030942,J20,COMP013443,cl002,96,h,,3192
HD00030942,K19,COMP013443,cl002,96,h,,34656
HD00030942,K20,COMP013443,cl002,96,h,,125736
HD00030942,L19,COMP013443,cl002,96,h,,5448
HD00030942,L20,COMP013443,cl002,96,h,,130008
HD00030942,M19,COMP013443,cl002,96,h,,2712
HD00030942,M20,COMP013443,cl002,96,h,,128352
HD00030942,N20,COMP013443,cl002,96,h,,135792
HD00030942,O20,COMP013443,cl002,96,h,,134568
HD00030942,B11,COMP07769,cl002,96,h,,57960
HD00030942,C11,COMP07769,cl002,96,h,,59232
HD00030942,C22,COMP07769,cl002,96,h,,111168
HD00030942,D11,COMP07769,cl002,96,h,,115200
HD00030942,D12,COMP07769,cl002,96,h,,50016
HD00030942,D22,COMP07769,cl002,96,h,,114288
HD00030942,E11,COMP07769,cl002,96,h,,113448
HD00030942,E12,COMP07769,cl002,96,h,,54384
HD00030942,E22,COMP07769,cl002,96,h,,114000
HD00030942,F11,COMP07769,cl002,96,h,,117360
HD00030942,F12,COMP07769,cl002,96,h,,56784
HD00030942,F22,COMP07769,cl002,96,h,,121464
HD00030942,G11,COMP07769,cl002,96,h,,121248
HD00030942,G12,COMP07769,cl002,96,h,,65640
HD00030942,G22,COMP07769,cl002,96,h,,74256
HD00030942,H12,COMP07769,cl002,96,h,,72552
HD00030942,I22,COMP07769,cl002,96,h,,66816
HD00030942,J12,COMP07769,cl002,96,h,,126336
HD00030942,J22,COMP07769,cl002,96,h,,68760
HD00030942,K12,COMP07769,cl002,96,h,,125136
HD00030942,K22,COMP07769,cl002,96,h,,56520
HD00030942,L22,COMP07769,cl002,96,h,,60840
HD00030942,M10,COMP07769,cl002,96,h,,52296
HD00030942,M12,COMP07769,cl002,96,h,,123840
HD00030942,N10,COMP07769,cl002,96,h,,59280
HD00030942,N12,COMP07769,cl002,96,h,,136848
HD00030942,O10,COMP07769,cl002,96,h,,61032
HD00030942,B12,COMP08433,cl002,96,h,,110784
HD00030942,B18,COMP08433,cl002,96,h,,113472
HD00030942,C18,COMP08433,cl002,96,h,,104592
HD00030942,D18,COMP08433,cl002,96,h,,114120
HD00030942,E18,COMP08433,cl002,96,h,,108168
HD00030942,F18,COMP08433,cl002,96,h,,105072
HD00030942,G18,COMP08433,cl002,96,h,,104976
HD00030942,H11,COMP08433,cl002,96,h,,100824
HD00030942,H18,COMP08433,cl002,96,h,,96888
HD00030942,H23,COMP08433,cl002,96,h,,121344
HD00030942,I11,COMP08433,cl002,96,h,,107424
HD00030942,I23,COMP08433,cl002,96,h,,126912
HD00030942,J11,COMP08433,cl002,96,h,,114960
HD00030942,J23,COMP08433,cl002,96,h,,123192
HD00030942,K11,COMP08433,cl002,96,h,,115752
HD00030942,K23,COMP08433,cl002,96,h,,136632
HD00030942,L11,COMP08433,cl002,96,h,,129048
HD00030942,L23,COMP08433,cl002,96,h,,124800
HD00030942,M11,COMP08433,cl002,96,h,,135720
HD00030942,M23,COMP08433,cl002,96,h,,130248
HD00030942,N11,COMP08433,cl002,96,h,,130296
HD00030942,N17,COMP08433,cl002,96,h,,131928
HD00030942,N23,COMP08433,cl002,96,h,,107640
HD00030942,O11,COMP08433,cl002,96,h,,137904
HD00030942,O12,COMP08433,cl002,96,h,,101976
HD00030942,O17,COMP08433,cl002,96,h,,138888
HD00030942,O23,COMP08433,cl002,96,h,,105000
HD00030942,B17,COMP06611,cl002,96,h,,93936
HD00030942,B23,COMP06611,cl002,96,h,,114552
HD00030942,C23,COMP06611,cl002,96,h,,107808
HD00030942,D15,COMP06611,cl002,96,h,,113952
HD00030942,D23,COMP06611,cl002,96,h,,110616
HD00030942,E15,COMP06611,cl002,96,h,,108336
HD00030942,E23,COMP06611,cl002,96,h,,114144
HD00030942,F15,COMP06611,cl002,96,h,,113232
HD00030942,F23,COMP06611,cl002,96,h,,115200
HD00030942,G15,COMP06611,cl002,96,h,,117456
HD00030942,G23,COMP06611,cl002,96,h,,107184
HD00030942,H15,COMP06611,cl002,96,h,,115656
HD00030942,H16,COMP06611,cl002,96,h,,122592
HD00030942,I15,COMP06611,cl002,96,h,,120888
HD00030942,I16,COMP06611,cl002,96,h,,119544
HD00030942,J15,COMP06611,cl002,96,h,,120432
HD00030942,J16,COMP06611,cl002,96,h,,122928
HD00030942,K15,COMP06611,cl002,96,h,,125208
HD00030942,K16,COMP06611,cl002,96,h,,122160
HD00030942,L15,COMP06611,cl002,96,h,,100944
HD00030942,L16,COMP06611,cl002,96,h,,128952
HD00030942,M16,COMP06611,cl002,96,h,,127032
HD00030942,M22,COMP06611,cl002,96,h,,128088
HD00030942,N16,COMP06611,cl002,96,h,,125040
HD00030942,N22,COMP06611,cl002,96,h,,137712
HD00030942,O16,COMP06611,cl002,96,h,,126264
HD00030942,O22,COMP06611,cl002,96,h,,139872
HH00055902,A24,BG,cl002,0,h,,24
HH00055902,B24,BG,cl002,0,h,,24
HH00055902,C24,BG,cl002,0,h,,0
HH00055902,D24,BG,cl002,0,h,,24
HH00055902,E24,BG,cl002,0,h,,0
HH00055902,F24,BG,cl002,0,h,,0
HH00055902,G24,BG,cl002,0,h,,0
HH00055902,H24,BG,cl002,0,h,,0
HH00055902,I24,BG,cl002,0,h,,0
HH00055902,J24,BG,cl002,0,h,,0
HH00055902,K24,BG,cl002,0,h,,0
HH00055902,L24,BG,cl002,0,h,,0
HH00055902,M24,BG,cl002,0,h,,0
HH00055902,N24,BG,cl002,0,h,,24
HH00055902,O24,BG,cl002,0,h,,0
HH00055902,P24,BG,cl002,0,h,,0
HD00025902,C12,NEG,cl002,0,h,,9432
HD00025902,D04,NEG,cl002,0,h,,9912
HD00025902,D21,NEG,cl002,0,h,,9240
HD00025902,E13,NEG,cl002,0,h,,11184
HD00025902,F08,NEG,cl002,0,h,,10200
HD00025902,F17,NEG,cl002,0,h,,10272
HD00025902,H03,NEG,cl002,0,h,,10104
HD00025902,H13,NEG,cl002,0,h,,9936
HD00025902,H22,NEG,cl002,0,h,,9768
HD00025902,I06,NEG,cl002,0,h,,9528
HD00025902,I12,NEG,cl002,0,h,,11520
HD00025902,I19,NEG,cl002,0,h,,10200
HD00025902,K08,NEG,cl002,0,h,,11232
HD00025902,K17,NEG,cl002,0,h,,10296
HD00025902,L12,NEG,cl002,0,h,,12384
HD00025902,M04,NEG,cl002,0,h,,10344
HD00025902,M21,NEG,cl002,0,h,,10440
HD00025902,N13,NEG,cl002,0,h,,10008
HG00020904,A24,BG,cl002,0,h,,0
HG00020904,B24,BG,cl002,0,h,,24
HG00020904,C24,BG,cl002,0,h,,0
HG00020904,D24,BG,cl002,0,h,,0
HG00020904,E24,BG,cl002,0,h,,0
HG00020904,F24,BG,cl002,0,h,,24
HG00020904,G24,BG,cl002,0,h,,0
HG00020904,H24,BG,cl002,0,h,,0
HG00020904,I24,BG,cl002,0,h,,0
HG00020904,J24,BG,cl002,0,h,,0
HG00020904,K24,BG,cl002,0,h,,24
HG00020904,L24,BG,cl002,0,h,,0
HG00020904,M24,BG,cl002,0,h,,24
HG00020904,N24,BG,cl002,0,h,,24
HG00020904,O24,BG,cl002,0,h,,0
HG00020904,P24,BG,cl002,0,h,,0
HD0002590374,C12,NEG,cl002,0,h,,9792
HD0002590374,D04,NEG,cl002,0,h,,10584
HD0002590374,D21,NEG,cl002,0,h,,10008
HD0002590374,E13,NEG,cl002,0,h,,10992
HD0002590374,F08,NEG,cl002,0,h,,10728
HD0002590374,F17,NEG,cl002,0,h,,9744
HD0002590374,H03,NEG,cl002,0,h,,10296
HD0002590374,H13,NEG,cl002,0,h,,10272
HD0002590374,H22,NEG,cl002,0,h,,9768
HD0002590374,I06,NEG,cl002,0,h,,10680
HD0002590374,I12,NEG,cl002,0,h,,9816
HD0002590374,I19,NEG,cl002,0,h,,9672
HD0002590374,K08,NEG,cl002,0,h,,10776
HD0002590374,K17,NEG,cl002,0,h,,10896
HD0002590374,L12,NEG,cl002,0,h,,11232
HD0002590374,M04,NEG,cl002,0,h,,10656
HD0002590374,M21,NEG,cl002,0,h,,11184
HD0002590374,N13,NEG,cl002,0,h,,10992
HD00016606,B13,COMP019977,cl001,96,h,6.02198E-12,16176
HD00016606,B14,COMP019977,cl001,96,h,6.31993E-11,9936
HD00016606,C13,COMP019977,cl001,96,h,2.89567E-10,9864
HD00016606,C14,COMP019977,cl001,96,h,6.22824E-09,2880
HD00016606,D13,COMP019977,cl001,96,h,1.63746E-08,3456
HD00016606,D14,COMP019977,cl001,96,h,4.60644E-07,1080
HD00016606,E14,COMP019977,cl001,96,h,7.78132E-07,192
HD00016606,F13,COMP019977,cl001,96,h,4.60644E-07,1008
HD00016606,F14,COMP019977,cl001,96,h,7.78132E-07,264
HD00016606,G13,COMP019977,cl001,96,h,7.78132E-07,384
HD00016606,G14,COMP019977,cl001,96,h,4.61154E-07,672
HD00016606,H14,COMP019977,cl001,96,h,4.61154E-07,768
HD00016606,I13,COMP019977,cl001,96,h,6.53354E-07,432
HD00016606,I14,COMP019977,cl001,96,h,6.53354E-07,552
HD00016606,J13,COMP019977,cl001,96,h,6.75542E-07,456
HD00016606,K13,COMP019977,cl001,96,h,4.61154E-07,744
HD00016606,L13,COMP019977,cl001,96,h,4.82544E-07,768
HD00016606,O13,COMP019977,cl001,96,h,6.02198E-12,16728
HG00017701,A24,BG,cl001,0,h,,0
HG00017701,B24,BG,cl001,0,h,,0
HG00017701,C24,BG,cl001,0,h,,0
HG00017701,D24,BG,cl001,0,h,,0
HG00017701,E24,BG,cl001,0,h,,24
HG00017701,F24,BG,cl001,0,h,,0
HG00017701,G24,BG,cl001,0,h,,0
HG00017701,H24,BG,cl001,0,h,,0
HG00017701,I24,BG,cl001,0,h,,0
HG00017701,J24,BG,cl001,0,h,,24
HG00017701,K24,BG,cl001,0,h,,24
HG00017701,L24,BG,cl001,0,h,,0
HG00017701,M24,BG,cl001,0,h,,0
HG00017701,N24,BG,cl001,0,h,,0
HG00017701,O24,BG,cl001,0,h,,0
HG00017701,P24,BG,cl001,0,h,,0
HD00016601330,C12,NEG,cl001,0,h,,19608
HD00016601330,D04,NEG,cl001,0,h,,19416
HD00016601330,D21,NEG,cl001,0,h,,18984
HD00016601330,E13,NEG,cl001,0,h,,16800
HD00016601330,F08,NEG,cl001,0,h,,21024
HD00016601330,F17,NEG,cl001,0,h,,19752
HD00016601330,H03,NEG,cl001,0,h,,21120
HD00016601330,H13,NEG,cl001,0,h,,19368
HD00016601330,H22,NEG,cl001,0,h,,19224
HD00016601330,I06,NEG,cl001,0,h,,19920
HD00016601330,I12,NEG,cl001,0,h,,19032
HD00016601330,I19,NEG,cl001,0,h,,20112
HD00016601330,K08,NEG,cl001,0,h,,21192
HD00016601330,K17,NEG,cl001,0,h,,20736
HD00016601330,L12,NEG,cl001,0,h,,18888
HD00016601330,M04,NEG,cl001,0,h,,20856
HD00016601330,M21,NEG,cl001,0,h,,20568
HD00016601330,N13,NEG,cl001,0,h,,23688
HG00446603,A24,BG,cl001,0,h,,0
HG00446603,B24,BG,cl001,0,h,,0
HG00446603,C24,BG,cl001,0,h,,0
HG00446603,D24,BG,cl001,0,h,,24
HG00446603,E24,BG,cl001,0,h,,0
HG00446603,F24,BG,cl001,0,h,,24
HG00446603,G24,BG,cl001,0,h,,0
HG00446603,H24,BG,cl001,0,h,,0
HG00446603,I24,BG,cl001,0,h,,0
HG00446603,J24,BG,cl001,0,h,,0
HG00446603,K24,BG,cl001,0,h,,0
HG00446603,L24,BG,cl001,0,h,,0
HG00446603,M24,BG,cl001,0,h,,24
HG00446603,N24,BG,cl001,0,h,,0
HG00446603,O24,BG,cl001,0,h,,24
HG00446603,P24,BG,cl001,0,h,,0
HD00056685,C12,NEG,cl001,0,h,,15648
HD00056685,D04,NEG,cl001,0,h,,17472
HD00056685,D21,NEG,cl001,0,h,,18264
HD00056685,E13,NEG,cl001,0,h,,16920
HD00056685,F08,NEG,cl001,0,h,,16848
HD00056685,F17,NEG,cl001,0,h,,17448
HD00056685,H03,NEG,cl001,0,h,,17784
HD00056685,H13,NEG,cl001,0,h,,16176
HD00056685,H22,NEG,cl001,0,h,,16152
HD00056685,I06,NEG,cl001,0,h,,17472
HD00056685,I12,NEG,cl001,0,h,,16080
HD00056685,I19,NEG,cl001,0,h,,16392
HD00056685,K08,NEG,cl001,0,h,,18648
HD00056685,K17,NEG,cl001,0,h,,17136
HD00056685,L12,NEG,cl001,0,h,,16080
HD00056685,M04,NEG,cl001,0,h,,19056
HD00056685,M21,NEG,cl001,0,h,,19128
HD00056685,N13,NEG,cl001,0,h,,19296
HD00016607,A24,BG,cl001,96,h,,0
HD00016607,B24,BG,cl001,96,h,,0
HD00016607,C24,BG,cl001,96,h,,24
HD00016607,D24,BG,cl001,96,h,,0
HD00016607,E24,BG,cl001,96,h,,0
HD00016607,F24,BG,cl001,96,h,,0
HD00016607,G24,BG,cl001,96,h,,0
HD00016607,H24,BG,cl001,96,h,,0
HD00016607,I24,BG,cl001,96,h,,0
HD00016607,J24,BG,cl001,96,h,,0
HD00016607,K24,BG,cl001,96,h,,0
HD00016607,L24,BG,cl001,96,h,,0
HD00016607,M24,BG,cl001,96,h,,0
HD00016607,N24,BG,cl001,96,h,,0
HD00016607,O24,BG,cl001,96,h,,0
HD00016607,P24,BG,cl001,96,h,,0
HD00016607,C12,NEG,cl001,96,h,,58080
HD00016607,D04,NEG,cl001,96,h,,59376
HD00016607,D21,NEG,cl001,96,h,,59304
HD00016607,E13,NEG,cl001,96,h,,60600
HD00016607,F08,NEG,cl001,96,h,,66648
HD00016607,F17,NEG,cl001,96,h,,69720
HD00016607,H03,NEG,cl001,96,h,,64800
HD00016607,H13,NEG,cl001,96,h,,64200
HD00016607,H22,NEG,cl001,96,h,,70560
HD00016607,I06,NEG,cl001,96,h,,60912
HD00016607,I12,NEG,cl001,96,h,,59832
HD00016607,I19,NEG,cl001,96,h,,72192
HD00016607,K08,NEG,cl001,96,h,,65616
HD00016607,K17,NEG,cl001,96,h,,71232
HD00016607,L12,NEG,cl001,96,h,,64896
HD00016607,M04,NEG,cl001,96,h,,65520
HD00016607,M21,NEG,cl001,96,h,,63144
HD00016607,N13,NEG,cl001,96,h,,71376
HD00016607,B14,COMP017901,cl001,96,h,8.89558E-10,8880
HD00016607,B16,COMP017901,cl001,96,h,3.33156E-08,1920
HD00016607,C14,COMP017901,cl001,96,h,5.53156E-08,2688
HD00016607,C16,COMP017901,cl001,96,h,3.12156E-08,1560
HD00016607,D13,COMP017901,cl001,96,h,7.74883E-11,13056
HD00016607,D14,COMP017901,cl001,96,h,3.03156E-08,1680
HD00016607,D16,COMP017901,cl001,96,h,3.01116E-08,1344
HD00016607,E14,COMP017901,cl001,96,h,3.12156E-08,1512
HD00016607,E16,COMP017901,cl001,96,h,6.76557E-10,6240
HD00016607,F13,COMP017901,cl001,96,h,5.53156E-08,2448
HD00016607,F14,COMP017901,cl001,96,h,5.44557E-09,5904
HD00016607,F16,COMP017901,cl001,96,h,8.99558E-10,8184
HD00016607,G13,COMP017901,cl001,96,h,3.03156E-08,1488
HD00016607,G14,COMP017901,cl001,96,h,8.88768E-10,9432
HD00016607,G16,COMP017901,cl001,96,h,6.88883E-11,10992
HD00016607,H14,COMP017901,cl001,96,h,7.99883E-11,13032
HD00016607,H16,COMP017901,cl001,96,h,7.99883E-11,12720
HD00016607,I13,COMP017901,cl001,96,h,3.03156E-08,1680
HD00016607,I14,COMP017901,cl001,96,h,7.99883E-11,14952
HD00016607,I16,COMP017901,cl001,96,h,7.99883E-11,15936
HD00016607,J13,COMP017901,cl001,96,h,5.44557E-09,4800
HD00016607,J14,COMP017901,cl001,96,h,7.99883E-11,13272
HD00016607,K13,COMP017901,cl001,96,h,8.99558E-10,8616
HD00016607,L13,COMP017901,cl001,96,h,7.99883E-11,12576
HD00016607,M13,COMP017901,cl001,96,h,7.99883E-11,15672
HD00016607,O13,COMP017901,cl001,96,h,7.99883E-11,13728
HD00016607,O15,COMP017901,cl001,96,h,7.99883E-11,10992
